<?xml version="1.0" encoding="utf-8"?>
<component size="67,28" extention="Button">
  <controller name="button" pages="0,up,1,down,2,over,3,selectedOver" selected="0"/>
  <displayList>
    <image id="n4" name="n4" src="yy9i8m" fileName="Tab/images/tab_normal.png" xy="0,0" size="67,28">
      <gearDisplay controller="button" pages="0,2"/>
      <relation target="" sidePair="height-height,width-width"/>
    </image>
    <image id="n5" name="n5" src="p0yg7q" fileName="Tab/images/tab_selected.png" xy="0,0" size="67,28">
      <gearDisplay controller="button" pages="1,3"/>
      <relation target="" sidePair="height-height,width-width"/>
    </image>
    <text id="n2" name="title" xy="26,5" size="33,21" fontSize="12" color="#bdbdbd" align="center" vAlign="middle" autoSize="none" singleLine="true" text="">
      <gearColor controller="button" pages="0,1,3" values="#bdbdbd,#000000|#ffffff,#000000|#ffffff,#000000" default="#bdbdbd,#000000"/>
      <relation target="" sidePair="width-width,height-height"/>
    </text>
    <loader id="n6_gzi6" name="icon" xy="5,5" size="20,20" align="center" vAlign="middle"/>
  </displayList>
  <Button mode="Radio"/>
</component>