<?xml version="1.0" encoding="utf-8"?>
<component size="49,19" extention="Button" bgColorEnabled="true" bgColor="#383838">
  <controller name="button" pages="0,up,1,down,2,over,3,selectedOver,8,disabled,9,selectedDisabled" selected="0"/>
  <displayList>
    <image id="n1" name="n1" src="t64x7iues" fileName="Button/images/checkbox_up.png" xy="0,3" size="14,14">
      <gearDisplay controller="button" pages="0,1,2,3"/>
    </image>
    <image id="n8_lgdb" name="n8" src="lgdb7iufk" fileName="Button/images/checkbox_disabled.png" xy="0,3">
      <gearDisplay controller="button" pages="8,9"/>
    </image>
    <image id="n7" name="n7" src="kwng7e" fileName="Button/images/gou.png" xy="3,6">
      <gearDisplay controller="button" pages="1,3,9"/>
    </image>
    <text id="n5" name="title" xy="15,0" size="30,19" fontSize="12" color="#bdbdbd" vAlign="middle" singleLine="true" text="Title">
      <gearColor controller="button" pages="8,9" values="#878787,#000000|#878787,#000000" default="#bdbdbd,#000000"/>
    </text>
  </displayList>
  <Button mode="Check"/>
  <relation target="n5" sidePair="rightext-right"/>
</component>