<?xml version="1.0" encoding="utf-8"?>
<component size="24,24" extention="Button">
  <controller name="button" pages="0,up,1,down,2,over,3,selectedOver" selected="0"/>
  <controller name="grayed" pages="0,,1," selected="0"/>
  <displayList>
    <graph id="n3" name="n3" xy="1,1" size="22,22" type="rect" lineColor="#ff666666" fillColor="#ff292929">
      <gearDisplay controller="button" pages="1,3"/>
      <relation target="" sidePair="width-width,height-height"/>
    </graph>
    <text id="n0" name="title" xy="1,1" size="22,22" fontSize="12" color="#bdbdbd" align="center" vAlign="middle" autoSize="none" singleLine="true" text="">
      <gearColor controller="grayed" pages="0,1" values="#bdbdbd,#000000|#838383,#000000"/>
      <relation target="" sidePair="width-width,height-height"/>
    </text>
  </displayList>
  <Button mode="Check"/>
</component>