<?xml version="1.0" encoding="utf-8"?>
<component size="22,22" extention="Button">
  <controller name="button" pages="0,up,1,down,2,over,3,selectedOver" selected="0"/>
  <displayList>
    <graph id="n2_gj1q" name="n2" xy="0,0" size="22,22" type="rect" lineColor="#ff515151" fillColor="#ff454545">
      <gearDisplay controller="button" pages="2,3"/>
      <relation target="" sidePair="width-width,height-height"/>
    </graph>
    <loader id="n0" name="icon" xy="1,1" size="20,20" align="center" vAlign="middle">
      <relation target="" sidePair="width-width,height-height"/>
    </loader>
  </displayList>
  <Button mode="Check"/>
</component>