<?xml version="1.0" encoding="utf-8"?>
<component size="113,16" extention="Slider">
  <displayList>
    <graph id="n2" name="bg" xy="0,8" size="112,2" type="rect" lineSize="0" fillColor="#ff555555">
      <relation target="" sidePair="width-width"/>
    </graph>
    <graph id="n3_kbvs" name="bar" xy="0,8" size="112,2">
      <relation target="" sidePair="width-width"/>
    </graph>
    <component id="n1" name="grip" src="gcza2f" fileName="Slider/SliderArrow_HZ.xml" xy="100,0">
      <relation target="n3_kbvs" sidePair="right-right"/>
    </component>
  </displayList>
  <Slider/>
</component>