<?xml version="1.0" encoding="utf-8"?>
<component size="150,22" extention="Button">
  <controller name="button" pages="0,up,1,down,2,over,3,selectedOver" selected="0"/>
  <displayList>
    <image id="n10_kdzk" name="n10" src="au3n4v" fileName="List/images/listitem_hover.png" xy="0,0" size="150,22">
      <gearDisplay controller="button" pages="2,3"/>
      <relation target="" sidePair="width-width,height-height"/>
    </image>
    <image id="n9_phl6" name="n9" src="t64x7iues" fileName="Button/images/checkbox_up.png" xy="4,4" size="14,14"/>
    <image id="n8" name="n8" src="kwng7e" fileName="Button/images/gou.png" xy="7,7">
      <gearDisplay controller="button" pages="1,3"/>
    </image>
    <text id="n2" name="title" xy="43,0" size="103,22" fontSize="12" color="#bdbdbd" vAlign="middle" ubb="true" autoSize="none" singleLine="true" text="">
      <relation target="" sidePair="width-width,height-height"/>
    </text>
    <loader id="n3" name="icon" xy="22,1" size="20,20" align="center" vAlign="middle" fill="scale" shrinkOnly="true"/>
  </displayList>
  <Button mode="Radio"/>
</component>