<?xml version="1.0" encoding="utf-8"?>
<component size="310,228">
  <controller name="showAlpha" pages="0,,1," selected="1"/>
  <displayList>
    <image id="n0" name="n0" src="gcza19" fileName="background.png" xy="-4,-4" size="318,236"/>
    <component id="n3" name="currentColorValue" src="gcza1s" fileName="Input/TextInput.xml" xy="60,4" controller="noBorder,0,showClear,0"/>
    <image id="n6" name="colorTable" src="au3n5z" fileName="ColorPicker/images/color_table.png" xy="4,29" aspect="true"/>
    <image id="n9" name="n9" src="au3n6b" fileName="ColorPicker/images/a17.png" xy="5,4" size="50,18"/>
    <graph id="n2" name="currentColorBox" xy="5,4" size="51,19" type="rect" lineColor="#ff151415" fillColor="#00ff9999"/>
    <text id="n5" name="n5" xy="134,6" size="62,18" group="n10" fontSize="12" color="#bdbdbd" align="right" autoSize="none" text="不透明度"/>
    <component id="n7" name="alphaInput" src="au3n69" fileName="Input/NumericInput.xml" xy="198,5" size="31,19" group="n10">
      <Label title="100"/>
    </component>
    <text id="n8" name="n8" xy="230,6" size="16,18" group="n10" fontSize="12" color="#bdbdbd" text="%"/>
    <group id="n10" name="n10" xy="134,5" size="112,19" advanced="true">
      <gearDisplay controller="showAlpha" pages="1"/>
    </group>
    <component id="n15_mkkf" name="more" src="gcza2i" fileName="Button/FlatIconButton.xml" xy="283,3" size="22,22">
      <Button icon="ui://nk9ejx23t64x7iuex"/>
    </component>
    <component id="n17_m8r1" name="picker" src="gcza2i" fileName="Button/FlatIconButton.xml" xy="258,3" size="22,22">
      <Button icon="ui://nk9ejx23hdec8c"/>
    </component>
  </displayList>
</component>