<?xml version="1.0" encoding="utf-8"?>
<component size="49,19" extention="Button">
  <controller name="button" pages="0,up,1,down,2,over,3,selectedOver" selected="0"/>
  <displayList>
    <image id="n4" name="n4" src="ese87iufl" fileName="Menu/menu_item_down.png" xy="1,1" size="47,17">
      <gearDisplay controller="button" pages="1,3"/>
      <relation target="" sidePair="width-width,height-height"/>
    </image>
    <image id="n2" name="n2" src="ese8ixicus" fileName="Menu/menu_item_hover.png" xy="1,1" size="47,17">
      <gearDisplay controller="button" pages="2"/>
      <relation target="" sidePair="width-width,height-height"/>
    </image>
    <text id="n3" name="title" xy="10,0" size="28,19" fontSize="12" autoClearText="true" text="菜单"/>
  </displayList>
  <Button mode="Radio"/>
  <relation target="n3" sidePair="width-width"/>
</component>