<?xml version="1.0" encoding="utf-8"?>
<component size="60,20" extention="Label">
  <controller name="c1" pages="3,,1," selected="0"/>
  <displayList>
    <loader id="n4" name="icon" xy="2,2" size="16,16" align="center" vAlign="middle" fill="scale" shrinkOnly="true">
      <gearDisplay controller="c1" pages="1"/>
    </loader>
    <text id="n5" name="nameText" xy="20,1" size="38,18" fontSize="12" color="#bdbdbd" vAlign="middle" autoSize="none" singleLine="true" text="">
      <gearDisplay controller="c1" pages="1"/>
      <relation target="" sidePair="width-width"/>
    </text>
    <text id="n7" name="title" xy="1,1" size="56,19" fontSize="12" color="#bdbdbd" vAlign="middle" autoSize="none" singleLine="true" text="" input="true">
      <gearDisplay controller="c1" pages="3"/>
      <relation target="" sidePair="width-width,height-height"/>
    </text>
  </displayList>
</component>