<?xml version="1.0" encoding="utf-8"?>
<component size="100,20" extention="Button" bgColor="#383838">
  <controller name="button" pages="0,up,1,down,2,over,3,selectedOver" selected="0"/>
  <displayList>
    <graph id="n12_phl6" name="n12" xy="0,0" size="100,20" type="rect" lineColor="#ff666666" fillColor="#ff454545">
      <gearDisplay controller="button" pages="0,2"/>
      <relation target="" sidePair="width-width,height-height"/>
    </graph>
    <graph id="n13_phl6" name="n13" xy="0,0" size="100,20" type="rect" lineColor="#ff262424" fillColor="#ff454545">
      <gearDisplay controller="button" pages="1,3"/>
      <relation target="" sidePair="width-width,height-height"/>
    </graph>
    <graph id="n14_phl6" name="n14" xy="0,0" size="100,20" type="rect" lineColor="#ff555555" fillColor="#00454545">
      <relation target="" sidePair="width-width,height-height"/>
    </graph>
    <text id="n15_phl6" name="title" xy="2,0" size="78,19" fontSize="12" color="#bdbdbd" autoSize="none" singleLine="true" text="">
      <relation target="" sidePair="width-width,height-height"/>
    </text>
    <image id="n16_phl6" name="n16" src="e4p48q" fileName="ComboBox/images/dropdown_arrow.svg" xy="83,3">
      <relation target="" sidePair="right-right"/>
    </image>
  </displayList>
  <Button/>
</component>