<?xml version="1.0" encoding="utf-8"?>
<component size="200,12" extention="ScrollBar">
  <displayList>
    <graph id="n6_ty2q" name="n6" xy="0,0" size="200,12" type="rect" lineSize="0" fillColor="#ff3f3f3f">
      <relation target="" sidePair="width-width,height-height"/>
    </graph>
    <graph id="n5" name="bar" xy="0,0" size="200,12">
      <relation target="" sidePair="width-width"/>
    </graph>
    <component id="n4" name="grip" src="xualh" fileName="ScrollBar/GripButton_HZ.xml" xy="36,1" restrictSize="30,0,0,0"/>
  </displayList>
  <ScrollBar/>
</component>